{
  "eslint.config.mjs": 1775566403.2687945,
  "next-env.d.ts": 1775572325.6207974,
  "next.config.ts": 1775566403.3431704,
  "postcss.config.mjs": 1775566403.2857094,
  "tmp-fix-duplicates.js": 1776367859.7993722,
  "src\\proxy.ts": 1776540545.1642659,
  "src\\app\\layout.tsx": 1775577850.235252,
  "src\\app\\page.tsx": 1775568791.058774,
  "src\\app\\accounts\\page.tsx": 1776369601.1631372,
  "src\\app\\api\\auth\\login\\route.ts": 1776537430.7157555,
  "src\\app\\api\\auth\\logout\\route.ts": 1776537435.6642227,
  "src\\app\\api\\backup\\route.ts": 1775708626.467247,
  "src\\app\\api\\bank-accounts\\route.ts": 1775705392.206848,
  "src\\app\\api\\bank-accounts\\[id]\\route.ts": 1775706106.6717517,
  "src\\app\\api\\gst-adjustments\\route.ts": 1775707721.9707606,
  "src\\app\\api\\gst-configs\\route.ts": 1775570464.6656165,
  "src\\app\\api\\invoices\\route.ts": 1776360088.7891726,
  "src\\app\\api\\invoices\\calculate\\route.ts": 1775569374.2352338,
  "src\\app\\api\\invoices\\[id]\\route.ts": 1776367274.422575,
  "src\\app\\api\\journal\\route.ts": 1776360419.6163187,
  "src\\app\\api\\ledger\\route.ts": 1776360849.233523,
  "src\\app\\api\\parties\\route.ts": 1775708657.713722,
  "src\\app\\api\\parties\\[id]\\route.ts": 1775708729.1300628,
  "src\\app\\api\\parties\\[id]\\ledger\\route.ts": 1775706097.6182535,
  "src\\app\\api\\payments\\route.ts": 1775708689.7592058,
  "src\\app\\api\\products\\route.ts": 1775708671.3744733,
  "src\\app\\api\\products\\[id]\\route.ts": 1775706069.5730183,
  "src\\app\\api\\products\\[id]\\stock\\route.ts": 1775568682.6546798,
  "src\\app\\api\\profile\\route.ts": 1776361597.7530546,
  "src\\app\\api\\reports\\route.ts": 1775707740.10403,
  "src\\app\\bank-accounts\\page.tsx": 1775705930.607889,
  "src\\app\\dashboard\\page.tsx": 1775568682.6557007,
  "src\\app\\expenses\\page.tsx": 1776369601.03788,
  "src\\app\\fixed-assets\\page.tsx": 1776369600.9703686,
  "src\\app\\income\\page.tsx": 1776369601.09928,
  "src\\app\\invoices\\page.tsx": 1775579033.8362818,
  "src\\app\\invoices\\new\\page.tsx": 1775568890.657474,
  "src\\app\\invoices\\[id]\\edit\\page.tsx": 1776536046.1286962,
  "src\\app\\invoices\\[id]\\print\\layout.tsx": 1775572741.3954148,
  "src\\app\\invoices\\[id]\\print\\page.tsx": 1776536059.3375936,
  "src\\app\\journal\\page.tsx": 1776369600.907,
  "src\\app\\login\\page.tsx": 1776537414.1260183,
  "src\\app\\parties\\page.tsx": 1775568892.038478,
  "src\\app\\parties\\[id]\\ledger\\print\\layout.tsx": 1775706450.7243502,
  "src\\app\\parties\\[id]\\ledger\\print\\page.tsx": 1776536064.4395187,
  "src\\app\\products\\page.tsx": 1775568891.4390912,
  "src\\app\\reports\\page.tsx": 1776369600.8109436,
  "src\\app\\reports\\balance-sheet\\page.tsx": 1776536040.9345384,
  "src\\app\\reports\\balance-sheet\\PrintClientButton.tsx": 1776368012.0627134,
  "src\\app\\reports\\gst\\page.tsx": 1776369600.7274387,
  "src\\app\\settings\\page.tsx": 1776537237.036102,
  "src\\components\\A4InvoiceTemplate.tsx": 1776367147.6955276,
  "src\\components\\AppNav.tsx": 1776367504.9221804,
  "src\\components\\GSTEditWarningModal.tsx": 1776367189.5305283,
  "src\\components\\NewInvoiceForm.tsx": 1776367419.6853275,
  "src\\components\\PartiesView.tsx": 1776610274.5496771,
  "src\\components\\PendingPaymentsDashboard.tsx": 1776610214.6028328,
  "src\\components\\PrintButton.tsx": 1776361461.9878602,
  "src\\components\\ProductsView.tsx": 1776610267.9688547,
  "src\\components\\ThermalReceiptTemplate.tsx": 1776367149.728525,
  "src\\hooks\\useVoiceSearch.ts": 1776610208.7277386,
  "src\\lib\\businessProfile.ts": 1776361596.1921322,
  "src\\lib\\db.ts": 1775568682.6562133,
  "src\\lib\\docNumber.ts": 1775572590.7113895,
  "src\\lib\\gst.ts": 1775568682.6572182,
  "src\\lib\\logger.ts": 1775708597.194043,
  "src\\lib\\rateLimit.ts": 1775708607.8092244,
  "src\\lib\\validators.ts": 1776360066.8130226,
  "src\\types\\index.ts": 1776535594.003928,
  "AGENTS.md": 1776521197.3985753,
  "CLAUDE.md": 1775566685.1837547,
  "README.md": 1775568682.6463578,
  "SCHEMA.md": 1775568682.6468766,
  "public\\file.svg": 1775566403.2902534,
  "public\\globe.svg": 1775566403.2990074,
  "public\\logo.jpg": 1774770821.7381008,
  "public\\next.svg": 1775566403.3067954,
  "public\\vercel.svg": 1775566403.3179533,
  "public\\window.svg": 1775566403.3251593
}